<?xml version="1.0" encoding="UTF-8"?>
<beans xmlns="http://www.springframework.org/schema/beans" xmlns:xsi="http://www.w3.org/2001/XMLSchema-instance"
	xsi:schemaLocation="http://www.springframework.org/schema/beans http://www.springframework.org/schema/beans/spring-beans-4.0.xsd">
<!-- <property name="configLocation" value="classpath:/egovframework/sqlmap/hptRt/sql-mapper-config.xml" /> -->
	<!-- SqlSession setup for MyBatis Database Layer -->
	
	<!-- SQL 로깅 -->
   <!--  <bean id="dataSource" class="net.sf.log4jdbc.Log4jdbcProxyDataSource">
        <constructor-arg ref="dataSourceSpied"/>
        <property name="logFormatter">
            <bean class="net.sf.log4jdbc.tools.Log4JdbcCustomFormatter">
                <property name="loggingType" value="MULTI_LINE"/>
                <property name="sqlPrefix" value="*** SQL : "/>
            </bean>
        </property>
    </bean> -->
	
	<!-- jdb : 매퍼 관련 vo나 사용하려는 매퍼 파일을 등록하는 config.xml 을 지정 -->	
	<bean id="sqlSession" class="org.mybatis.spring.SqlSessionFactoryBean">
		<property name="dataSource" ref="dataSource" />
		<property name="configLocation" value="classpath:/egovframework/sqlmap/config/sql-mapper-config.xml" />
		<!-- 아래부분은 매핑할 xml파일이 있는 패키지경로를 설정한다. -->
		<property name="mapperLocations">
			<list>
				<value>classpath:mapper/**/*Mapper.xml</value>
			</list>
		</property>
	</bean>
	
	<!-- jdb : @mapper() 어노테이션을 사용하기 위한 설정 -->	
	<!-- MapperConfigurer setup for MyBatis Database Layer with @Mapper("deptMapper") in DeptMapper Interface -->
 	<bean class="egovframework.rte.psl.dataaccess.mapper.MapperConfigurer">
 	    <!-- 아래부분은 매핑할 xml파일이 있는 패키지경로를 설정한다. -->
		<property name="basePackage" value="kr.co.wizbrain" />
	</bean>
    
</beans>