<?xml version="1.0" encoding="UTF-8"?>
<!DOCTYPE mapper
        PUBLIC "-//mybatis.org//DTD Mapper 3.0//EN"
        "http://mybatis.org/dtd/mybatis-3-mapper.dtd">
<mapper namespace="kr.co.wizbrain.apRailroad.terminal.mapper.TerminalMapper">
<!-- 
수정일           수정자         수정내용 
========= ======= ================================================= 
2020.07.23 정다빈     최초 생성 
-->

	<!-- 전체 또는 특정 차상단말기 조회 -->
	<resultMap type="terminalVO" id="selectTerminal">
		<result property="idx" 		column=	"IDX"	/>
		<result property="trainNum"	column=	"TRAIN_NUM"	/>
		<result property="fIp" 		column=	"F_IP" />
		<result property="tIp" 		column=	"T_IP" />
		<result property="carCnt" 	column=	"CAR_CNT" />
		<result property="raceYn" 	column=	"RACE_YN"/>
	</resultMap>
	<select id="selectTerminal" parameterType="terminalVO" resultMap="selectTerminal">
		SELECT 
			 IDX	
			,TRAIN_NUM	
			,F_IP
			,T_IP
			,CAR_CNT 
			,if(RACE_YN="Y","운행중","미운행")as RACE_YN
		FROM
			TCMS_INFO
			WHERE 1=1
			<if test="trainNum !=null"> 
				AND TRAIN_NUM=#{trainNum}
			</if>
		ORDER BY IDX
	</select>

	<!-- 차상단말기 등록 -->
	<insert id="terminalInsert" parameterType="terminalVO">
		INSERT INTO TCMS_INFO(
			TRAIN_NUM
			,IDX	
			,F_IP
			,T_IP
			,CAR_CNT 
			,RACE_YN
		)
		VALUES (
			 #{trainNum}
			,(SELECT (MAX(IDX)+1) AS idx FROM TCMS_INFO ALIAS_FOR_SUBQUERY)
			,#{fIp}
			,#{tIp}
			,#{carCnt}
			,#{raceYn}
		)
	</insert>
	
	<!-- 차상단말기 정보 수정-->
	<update id="terminalUpdate" parameterType="terminalVO">
		UPDATE TCMS_INFO
		SET
			TRAIN_NUM    =  #{trainNum}
			,F_IP         =  #{fIp}
			,T_IP         =  #{tIp}
			,CAR_CNT      =  #{carCnt}
			,RACE_YN      =  #{raceYn}
		WHERE TRAIN_NUM   =  #{trainNum}
	</update>
	
	<!-- 차상단말기 삭제 -->
	<delete id="terminalDelete">
		DELETE FROM TCMS_INFO 
		WHERE TRAIN_NUM IN
		<foreach collection="chkList" item="item" index="index" separator="," open="(" close=")">
            #{item}
        </foreach>
	</delete>
		
	<!-- 순번 초기화 : db 설정시 auto increment 항목(idx)을 unique가 아닌 primary로 지정해야 함-->
	<update id="idxAutoIncrement">
		ALTER TABLE TCMS_INFO AUTO_INCREMENT=1;
		SET @COUNT = 0;
		UPDATE TCMS_INFO SET idx = @COUNT:=@COUNT+1;
	</update>
	
	<!-- 직통/일반 목록-->
	<resultMap type="directRegularVo" id="selectDrtRgr">
		<result property="carType"  column=	"CAR_TYPE"/>
		<result property="stWgt1"   column=	"ST_WGT_1"/>
		<result property="stWgt2"   column=	"ST_WGT_2"/>
		<result property="stWgt3"   column=	"ST_WGT_3"/>
		<result property="stWgt4"   column=	"ST_WGT_4"/>
		<result property="stWgt5"   column=	"ST_WGT_5"/>
		<result property="stWgt6"	column=	"ST_WGT_6"/>
	</resultMap>
	<select id="selectDrtRgr" parameterType="directRegularVo" resultMap="selectDrtRgr">
		SELECT 
			 CASE WHEN CAR_TYPE=1 THEN "직통열차"
			 	  ELSE "일반열차" END AS CAR_TYPE
			,ST_WGT_1
			,ST_WGT_2
			,ST_WGT_3
			,ST_WGT_4
			,ST_WGT_5
			,ST_WGT_6
		FROM
			ASP_INFO
			WHERE 1=1
			<if test="carType !=null and carType neq ''"> 
				<choose>
				    <when test="carType !=null and carType eq '직통열차'">
				        AND CAR_TYPE=1
				    </when>
				    <otherwise>
				        AND CAR_TYPE=2
		    		</otherwise>
				</choose>
			</if>
		ORDER BY CAR_TYPE DESC
	</select>
	
	<!-- 직통/일반 수정-->
	<update id="drtRgrUpdate" parameterType="directRegularVo">
		UPDATE ASP_INFO
		SET
			 ST_WGT_1=#{stWgt1}
	        ,ST_WGT_2=#{stWgt2}
	        ,ST_WGT_3=#{stWgt3}
	        ,ST_WGT_4=#{stWgt4}
	        ,ST_WGT_5=#{stWgt5}
	        ,ST_WGT_6=#{stWgt6}
		WHERE 1=1
		<choose>
		    <when test="carType !=null and carType eq '직통열차'">
		        AND CAR_TYPE=1
		    </when>
		    <otherwise>
		        AND CAR_TYPE=2
		    </otherwise>
		</choose>
	</update>
</mapper>