<?xml version="1.0" encoding="UTF-8"?>
<beans xmlns="http://www.springframework.org/schema/beans" xmlns:xsi="http://www.w3.org/2001/XMLSchema-instance"
        xmlns:p="http://www.springframework.org/schema/p"
        xmlns:context="http://www.springframework.org/schema/context"
        xmlns:tx="http://www.springframework.org/schema/tx"
        xmlns:mvc="http://www.springframework.org/schema/mvc"
        xmlns:task="http://www.springframework.org/schema/task"
        xsi:schemaLocation="http://www.springframework.org/schema/beans http://www.springframework.org/schema/beans/spring-beans-4.0.xsd
                http://www.springframework.org/schema/context http://www.springframework.org/schema/context/spring-context-4.0.xsd
                http://www.springframework.org/schema/mvc http://www.springframework.org/schema/mvc/spring-mvc-4.0.xsd
                http://www.springframework.org/schema/tx http://www.springframework.org/schema/tx/spring-tx-4.3.xsd
                http://www.springframework.org/schema/task http://www.springframework.org/schema/task/spring-task-4.0.xsd ">
	
    <!-- 주입할 어노테이션과 스캔하여 주입할 패키지를 설정 -->
    <context:component-scan base-package="kr.co.wizbrain">
        <context:include-filter type="annotation" expression="org.springframework.stereotype.Controller"/>
        <context:exclude-filter type="annotation" expression="org.springframework.stereotype.Service"/>
        <context:exclude-filter type="annotation" expression="org.springframework.stereotype.Repository"/>
        <context:exclude-filter type="annotation" expression="egovframework.rte.psl.dataaccess.mapper.Mapper"/>
    </context:component-scan>

    <bean class="org.springframework.web.servlet.mvc.method.annotation.RequestMappingHandlerAdapter"/>
    
    <bean class="org.springframework.web.servlet.mvc.method.annotation.RequestMappingHandlerMapping">
        <property name="interceptors">
            <list>
                <ref bean="localeChangeInterceptor" />
            </list>
        </property>
    </bean>
    
    <bean id="localeResolver" class="org.springframework.web.servlet.i18n.SessionLocaleResolver" />
    <!-- 쿠키를 이용한 Locale 이용시 <bean id="localeResolver" class="org.springframework.web.servlet.i18n.CookieLocaleResolver"/> -->
    <bean id="localeChangeInterceptor" class="org.springframework.web.servlet.i18n.LocaleChangeInterceptor">
        <property name="paramName" value="language" />
    </bean>

    <bean class="org.springframework.web.servlet.handler.SimpleMappingExceptionResolver">
        <property name="defaultErrorView" value="cmmn/egovError"/>
        <property name="exceptionMappings">
            <props>
                <prop key="org.springframework.dao.DataAccessException">cmmn/dataAccessFailure</prop>
                <prop key="org.springframework.transaction.TransactionException">cmmn/transactionFailure</prop>
                <prop key="egovframework.rte.fdl.cmmn.exception.EgovBizException">cmmn/egovError</prop>
                <prop key="org.springframework.security.AccessDeniedException">cmmn/egovError</prop>
            </props>
        </property>
    </bean>
    
    <bean class="org.springframework.web.servlet.view.UrlBasedViewResolver" p:order="1"
	    p:viewClass="org.springframework.web.servlet.view.JstlView"
	    p:prefix="/WEB-INF/jsp/" p:suffix=".jsp"/>

    
	<!-- jdb : 로그인 인터셉터 관련 기능 추가 -->    
    <bean id="sessionInterceptor" class="kr.co.wizbrain.apRailroad.comm.SessionInterceptor"/>
    <bean id="loginInterceptor" class="kr.co.wizbrain.apRailroad.comm.LoginInterceptor"/>
    <mvc:interceptors>
        <!-- sessionInterceptor -->
        <mvc:interceptor>
			<mvc:mapping path="/first.do"/>
			<ref bean="sessionInterceptor"/>
		</mvc:interceptor>
		
        <!-- loginInterceptor -->
		<mvc:interceptor>
			<mvc:mapping path="/user/**/loginPost.do"/>
			<mvc:mapping path="/user/**/logout.do"/>
			<ref bean="loginInterceptor"/>		     
		</mvc:interceptor>        
		
    </mvc:interceptors> 
    
    <!-- jdb : 스케줄러파일이 존재하는 패키지 설정--> 
	 <context:component-scan base-package="kr.co.wizbrain"/>
	<task:scheduler id="myScheduler" pool-size="10"/>
	<task:scheduled-tasks scheduler="myScheduler">
	<task:scheduled ref="ClientChkScheduler" method="clientAutoChk" cron="0 0 3 * * *"/>
<!-- <task:scheduled ref="ClientChkScheduler" method="clientAutoChk" fixed-delay="60000"/> -->
	</task:scheduled-tasks>
	<bean id="ClientChkScheduler" class="kr.co.wizbrain.apRailroad.comm.ClientChkScheduler" />
 		
 
    <!-- For Pagination Tag -->
    <!-- <bean id="imageRenderer" class="egovframework.example.cmmn.web.EgovImgPaginationRenderer"/> -->

    <!-- <bean id="paginationManager" class="egovframework.rte.ptl.mvc.tags.ui.pagination.DefaultPaginationManager">
        <property name="rendererType">
            <map>
                <entry key="image" value-ref="imageRenderer"/>
            </map>
        </property>
    </bean> -->
	<!-- /For Pagination Tag -->
	
	
	<!-- json START -->
	<bean class="org.springframework.web.servlet.view.BeanNameViewResolver">
	    <property name="order" value="0"></property>
	</bean>
	<bean class="org.springframework.web.servlet.view.json.MappingJackson2JsonView" id="jsonView">
	    <property name="contentType" value="application/json;charset=UTF-8"></property>
	</bean>
	<!-- json END -->

	<!-- transaction annotation -->
	<tx:annotation-driven transaction-manager="transactionManager"/>

    <mvc:view-controller path="/cmmn/validator.do" view-name="cmmn/validator"/>
</beans>